,S.L.R.C,S.L.R.I,A.T.T,L.M.I,L.M.C,S.R,L.J.T.C,L.J.T.I,N.I.C,N.I.I,S.P.I,S.P.C,L.A.C,L.A.I,Q.A,COMPLIANCE Ratio,Interview duration
count,5800.0,5800.0,5800.0,5800.0,5800.0,5800.0,5800.0,5800.0,5800.0,5800.0,5800.0,5800.0,5800.0,5800.0,5800.0,5800.0,5800.0
mean,0.7483206896551724,0.2516793103448276,69.92741379310345,80.4451724137931,80.08431034482759,45.077413793103446,150.23120689655173,301.06310344827585,37.7098275862069,37.37844827586207,55.175862068965515,47.250689655172415,8.019655172413794,10.503620689655172,4.507586206896551,50.31551724137931,37.306724137931035
std,0.14427168924227698,0.1442716892422773,29.464029999980944,23.450058709143025,23.540515068088187,14.729065720446185,87.26585843588414,172.86185142049086,19.042870286478465,19.13824739997781,20.373654838190202,24.891818001534503,4.311379235698261,5.724639658359095,1.6909763353971212,28.69629941614026,13.29840660261266
min,0.5,0.01,20.0,40.0,40.0,20.0,0.0,0.0,5.0,5.0,20.0,5.0,1.0,1.0,2.0,0.0,15.0
25%,0.62,0.13,44.0,60.0,59.0,32.0,74.0,153.0,21.0,21.0,38.0,26.0,4.0,6.0,3.0,25.0,26.0
50%,0.75,0.25,70.0,81.0,81.0,45.0,150.0,300.0,38.0,37.0,55.0,46.0,8.0,10.0,5.0,51.0,37.0
75%,0.87,0.38,96.0,101.0,101.0,58.0,226.0,451.0,54.0,54.0,73.0,69.0,12.0,15.0,6.0,75.0,49.0
max,0.99,0.5,120.0,120.0,120.0,70.0,300.0,600.0,70.0,70.0,90.0,90.0,15.0,20.0,7.0,100.0,60.0
