,S.L.R.C,S.L.R.I,A.T.T,L.M.I,L.M.C,S.R,L.J.T.C,L.J.T.I,N.I.C,N.I.I,S.P.I,S.P.C,L.A.C,L.A.I,Q.A,COMPLIANCE Ratio,Interview duration
count,1200.0,1199.0,1200.0,1200.0,1200.0,1200.0,1199.0,1200.0,1200.0,1200.0,1198.0,1200.0,1200.0,1199.0,1199.0,1199.0,1200.0
mean,0.73775,0.2623686405337782,70.19833333333334,79.4425,81.37916666666666,45.013333333333335,151.9090909090909,304.80916666666667,37.4725,37.708333333333336,54.62771285475793,48.06916666666667,7.801666666666667,10.720600500417014,4.368640533778149,50.25020850708924,37.73583333333333
std,0.14438482138786632,0.14438654140755702,29.11400610843443,23.094468800074818,23.088517326422217,14.59722763979043,86.73828523764764,175.2265287076742,18.94113378886474,19.190974662045868,20.667312624985026,24.360122378061185,4.39717066006468,5.731280858018474,1.6854134312136222,29.361385062036216,13.364688363423648
min,0.5,0.01,20.0,40.0,40.0,20.0,0.0,0.0,5.0,5.0,20.0,5.0,1.0,1.0,2.0,0.0,15.0
25%,0.61,0.14,44.75,59.0,62.0,32.0,80.0,152.0,21.75,20.0,37.0,28.0,4.0,6.0,3.0,24.0,26.0
50%,0.74,0.26,71.0,79.0,81.0,45.0,151.0,306.0,37.0,39.0,54.0,48.0,8.0,11.0,4.0,50.0,38.0
75%,0.86,0.39,96.0,99.0,102.0,57.0,228.0,455.25,54.0,54.0,72.0,69.0,12.0,16.0,6.0,76.0,50.0
max,0.99,0.5,120.0,120.0,120.0,70.0,300.0,599.0,70.0,70.0,90.0,90.0,15.0,20.0,7.0,100.0,60.0
